id,title,score,num_comments,author,created_utc,url,over_18,edited,spoiler,stickied
1fh67t8,"What DuckDB really is, and what it can be",98,30,ithoughtful,2024-09-15 06:31:15,https://www.reddit.com/r/dataengineering/comments/1fh67t8/what_duckdb_really_is_and_what_it_can_be/,False,False,False,False
1fgvyr2,"Blurred lines among - Data Engineers, Software Engineers, Data Scientists & Business Analysts ",44,9,musicplay313,2024-09-14 21:07:09,https://www.reddit.com/r/dataengineering/comments/1fgvyr2/blurred_lines_among_data_engineers_software/,False,False,False,False
1fhaerk,Macbook Air M3 for Data Engineering - am I crazy?,33,33,General-Parsnip3138,2024-09-15 11:32:21,https://www.reddit.com/r/dataengineering/comments/1fhaerk/macbook_air_m3_for_data_engineering_am_i_crazy/,False,False,False,False
1fh817r,Are most data engineering projects just migration?,27,10,NefariousnessSea5101,2024-09-15 08:43:15,https://www.reddit.com/r/dataengineering/comments/1fh817r/are_most_data_engineering_projects_just_migration/,False,False,False,False
1fh0rru,Work as a junior without senior/medior engineers,27,25,Upset-Foundation-295,2024-09-15 01:01:44,https://www.reddit.com/r/dataengineering/comments/1fh0rru/work_as_a_junior_without_seniormedior_engineers/,False,False,False,False
1fgsxm0,Newbie data engineer doubts on designing data pipelines.,14,3,PutridPercentage8535,2024-09-14 18:44:08,https://www.reddit.com/r/dataengineering/comments/1fgsxm0/newbie_data_engineer_doubts_on_designing_data/,False,False,False,False
1fh97tn,How to screen candidates for a Cloud Data Engineer position,10,18,JonoKrikkit,2024-09-15 10:10:35,https://www.reddit.com/r/dataengineering/comments/1fh97tn/how_to_screen_candidates_for_a_cloud_data/,False,False,False,False
1fh76k1,Value in extra tooling,9,7,Actual-Specific-3595,2024-09-15 07:40:44,https://www.reddit.com/r/dataengineering/comments/1fh76k1/value_in_extra_tooling/,False,False,False,False
1fgvz3a,Do clients care about data quality dashboards?,11,21,Cute_Arachnidx,2024-09-14 21:07:34,https://www.reddit.com/r/dataengineering/comments/1fgvz3a/do_clients_care_about_data_quality_dashboards/,False,False,False,False
1fgsgcp,"Does using a free ERD like lucidchart, dbdiagram etc violate privacy laws?",10,8,Existing_Steak,2024-09-14 18:18:23,https://www.reddit.com/r/dataengineering/comments/1fgsgcp/does_using_a_free_erd_like_lucidchart_dbdiagram/,False,False,False,False
1fhcrfw,How can I develop my data engineering skills with a real project?,6,4,Designer-Budget-3836,2024-09-15 13:40:29,https://www.reddit.com/r/dataengineering/comments/1fhcrfw/how_can_i_develop_my_data_engineering_skills_with/,False,False,False,False
1fgvpjq,DMS -> S3 (CDC & Full) to SCD2 with DBT?,3,2,saaggy_peneer,2024-09-14 20:56:00,https://www.reddit.com/r/dataengineering/comments/1fgvpjq/dms_s3_cdc_full_to_scd2_with_dbt/,False,False,False,False
1fhdmh6,Need Help with running pyspark on airflow,3,8,0xAstr0,2024-09-15 14:21:00,https://www.reddit.com/r/dataengineering/comments/1fhdmh6/need_help_with_running_pyspark_on_airflow/,False,False,False,False
1fhbh6y,Airflow to monitor the GCP workflow execution?,3,2,Laurence-Lin,2024-09-15 12:35:49,https://www.reddit.com/r/dataengineering/comments/1fhbh6y/airflow_to_monitor_the_gcp_workflow_execution/,False,False,False,False
1fhdke2,Azure DE study buddies,3,1,mysterious_code,2024-09-15 14:18:15,https://www.reddit.com/r/dataengineering/comments/1fhdke2/azure_de_study_buddies/,False,False,False,False
1fhcb4h,Am I looking for a data catalog or have I misunderstood?,3,1,DeepFryEverything,2024-09-15 13:17:55,https://www.reddit.com/r/dataengineering/comments/1fhcb4h/am_i_looking_for_a_data_catalog_or_have_i/,False,False,False,False
1fh3d2b,What do you think of DS/ML knowledge as DE,2,12,Numerous-Tip-5097,2024-09-15 03:29:29,https://www.reddit.com/r/dataengineering/comments/1fh3d2b/what_do_you_think_of_dsml_knowledge_as_de/,False,False,False,False
1fgtoev,Metric Business Catalog ,3,2,bennyandjoonandsam,2024-09-14 19:18:58,https://www.reddit.com/r/dataengineering/comments/1fgtoev/metric_business_catalog/,False,False,False,False
1fgttkt,Learning data lake and unity catalog in databricks,2,1,Strong_Cap5131,2024-09-14 19:25:23,https://www.reddit.com/r/dataengineering/comments/1fgttkt/learning_data_lake_and_unity_catalog_in_databricks/,False,False,False,False
1fhghos,Best way to move/transform/analyze ~6B rows from SQL Server?,1,3,VegaGT-VZ,2024-09-15 16:23:50,https://www.reddit.com/r/dataengineering/comments/1fhghos/best_way_to_movetransformanalyze_6b_rows_from_sql/,False,False,False,False
1fhfvkt,dbt snapshots  - rebuild scd2 based on 1 years full extractions from source system.,1,0,elfodel,2024-09-15 15:58:29,https://www.reddit.com/r/dataengineering/comments/1fhfvkt/dbt_snapshots_rebuild_scd2_based_on_1_years_full/,False,False,False,False
1fgy2js,Connect dwh with shopify via fivetran,1,3,2broke4botox,2024-09-14 22:44:04,https://www.reddit.com/r/dataengineering/comments/1fgy2js/connect_dwh_with_shopify_via_fivetran/,False,False,False,False
